REGISTRO GENERAL DE PERSONAS;;;
;;;
N°;Apellidos;Nombres;DNI
1;Álvarez Martin;Paula;27.682.304
2;Guerrero Gutiérrez;Antonio;44.183.049
3;Romero Lozano;Fernando;40.873.993
4;Ortega Navarro;Luisa;35.456.012
5;Morales Serrano;Andrés;11.608.588
6;López Marín;Jorge;19.777.036
7;Santos Castro;Rocío;36.954.639
8;Castillo Cano;Carlos;28.062.224
9;Núñez Castillo;Pablo;14.214.160
10;Morales Lozano;Sara;16.158.740
11;Blanco Martínez;Ricardo;11.316.757
12;Ortega Serrano;Javier;41.809.429
13;Gil López;Marta;48.417.816
14;Santos González;Álvaro;39.577.629
15;Hernández Sánchez;Andrés;12.840.478
16;Marín Alonso;Sara;19.667.487
17;Martínez Pérez;Valeria;32.448.032
18;Lozano Rubio;Laura;36.690.463
19;Morales Blanco;Roberto;47.649.825
20;Gil Muñoz;Juan;43.990.048
21;Gómez Rubio;Paula;34.762.281
22;Sánchez Gómez;Gabriel;37.358.634
23;Delgado Domínguez;Hugo;27.862.058
24;Gutiérrez Serrano;Roberto;19.147.312
25;Diaz Sánchez;Daniela;25.872.946
26;Ortega Rodríguez;Paula;40.779.828
27;Alonso Álvarez;Adrián;32.831.029
28;Cano Domínguez;Ana;34.704.436
29;López Sánchez;Sofía;48.012.855
30;Sanz Cortes;Eva;32.207.930
31;Pérez Sanz;Marta;29.779.518
32;Castillo Delgado;José;27.695.167
33;Sánchez Navarro;Fernando;47.015.490
34;Ruiz Martínez;Natalia;26.458.694
35;Prieto Pérez;Rocío;25.825.353
36;Cano Martin;Eva;46.025.289
37;Fernández Gutiérrez;Adrián;40.432.717
38;Pérez Ramos;Marcos;43.995.214
39;Blanco Castro;Ricardo;47.360.592
40;Gutiérrez Sanz;Manuel;42.196.562
41;Martínez Diaz;Marina;29.744.217
42;Medina Garrido;Alba;16.643.674
43;Medina Navarro;Clara;44.882.521
44;Álvarez Ortiz;Alejandro;21.767.267
45;Castillo Romero;Natalia;41.024.100
46;Hernández Morales;Ricardo;16.790.629
47;Muñoz Vázquez;Luisa;16.680.044
48;Medina Álvarez;Fernando;29.313.645
49;Ortiz Gil;Pablo;30.428.269
50;López Garrido;Clara;49.515.631
51;García González;Irene;22.695.023
52;Jiménez Pérez;Carmen;48.405.618
53;Molina Prieto;Alba;35.862.643
54;Álvarez Medina;Ricardo;14.221.428
55;Moreno Ruiz;Lucía;19.479.672
56;Morales Blanco;Alba;33.976.442
57;Alonso Ortega;Sofía;17.336.961
58;Suárez Ruiz;Javier;39.797.377
59;Muñoz Marín;Ricardo;17.428.097
60;Sánchez Sanz;Rocío;40.561.284
61;Garrido Marín;Adrián;33.909.381
62;Ramírez Castillo;Alba;35.691.148
63;Muñoz Castillo;Marina;25.920.654
64;Ramírez Guerrero;Diego;36.568.718
65;Castro Cortes;Laura;40.744.092
66;Iglesias García;Marcos;49.525.921
67;Fernández Diaz;Antonio;14.876.321
68;Álvarez Iglesias;Hugo;17.162.915
69;Navarro Ramos;Francisco;22.988.965
70;Guerrero Torres;Laura;43.575.466
71;Serrano Martin;Gabriel;30.255.787
72;Prieto Ruiz;Luisa;28.080.303
73;Rodríguez Ruiz;Elena;38.353.586
74;Morales López;Lucía;12.952.756
75;Torres González;Alejandro;44.300.981
76;Suárez Ortega;Irene;48.266.422
77;Hernández Ortiz;María;46.192.311
78;Sanz Molina;Luisa;36.286.647
79;Domínguez Cano;Ana;42.010.809
80;Rodríguez Prieto;Marta;44.077.754
81;Alonso Gutiérrez;Natalia;38.229.685
82;Álvarez Ortiz;Gonzalo;26.563.264
83;Gil Rubio;Daniela;30.176.451
84;Morales Garrido;Laura;13.063.880
85;Ruiz Gómez;Juan;45.568.212
86;Alonso Romero;Jorge;45.040.342
87;Guerrero Serrano;Elena;26.063.575
88;Muñoz Garrido;Antonio;33.479.385
89;Hernández Vázquez;Eva;26.990.304
90;Suárez Álvarez;Marina;49.575.650
91;Ortega López;Ana;49.430.244
92;Hernández Muñoz;Juan;29.998.826
93;Fernández Gutiérrez;Carlos;34.588.395
94;Gil Hernández;Sara;28.172.011
95;Gil Diaz;Alba;43.665.132
96;Álvarez Vázquez;José;42.526.450
97;Ortiz Pérez;Roberto;42.131.698
98;Sánchez Ruiz;Marcos;19.996.404
99;Gil Cano;Juan;32.202.483
100;Alonso Navarro;José;45.734.645
101;Hernández Castro;Pablo;22.425.340
102;Molina Muñoz;Beatriz;43.143.933
103;Martínez Cortes;Pedro;16.968.961
104;Sánchez Ramírez;María;49.214.723
105;Castillo Ortega;Alicia;48.160.005
106;Morales Ortiz;Natalia;30.001.413
107;Torres Garrido;Pedro;41.189.637
108;Domínguez Guerrero;Natalia;22.947.589
109;Diaz Romero;Fernando;46.458.122
110;Ramírez Torres;Gonzalo;42.223.383
111;Romero Santos;Ana;31.179.040
112;Garrido Martínez;Santiago;37.228.320
113;Blanco Romero;Luisa;21.605.152
114;Gómez Serrano;Sara;20.787.495
115;Iglesias Alonso;Lucía;24.808.232
116;Sanz Álvarez;Andrea;36.837.675
117;Ruiz Garrido;Rocío;41.405.229
118;Serrano Iglesias;Alicia;16.710.958
119;Hernández Romero;Ana;17.243.950
120;Medina Castillo;Marina;49.773.873
121;Santos Ruiz;Santiago;22.906.163
122;González Cortes;Natalia;25.918.260
123;Romero Muñoz;Inés;44.982.069
124;Cano Guerrero;Laura;26.499.383
125;Torres Ramírez;Lucía;34.612.536
126;Gutiérrez Morales;Gonzalo;43.564.345
127;Delgado Pérez;Natalia;30.659.385
128;Morales Martínez;Alicia;38.693.688
129;Álvarez Pérez;Roberto;49.900.346
130;Martínez Romero;María;22.208.829
131;Santos Ortega;Santiago;11.153.213
132;Moreno Ruiz;Gonzalo;13.838.655
133;Ramírez Torres;Santiago;48.938.303
134;Delgado Castillo;Alba;15.577.405
135;Cortes Hernández;Sofía;31.474.501
136;Sanz Gil;Santiago;23.000.903
137;Serrano Pérez;Gonzalo;24.281.929
138;Martin Suárez;Alejandro;22.422.346
139;Rodríguez Navarro;Alejandro;38.682.443
140;Pérez Ortiz;Carlos;35.811.660
141;Pérez Marín;Francisco;31.377.232
142;Ramírez Prieto;Natalia;47.932.246
143;Alonso Rodríguez;Andrea;19.649.367
144;Guerrero Torres;Laura;18.379.608
145;Ortega Moreno;Elena;38.914.396
146;Cortes Fernández;Juan;29.817.695
147;Romero Medina;Paula;15.441.761
148;Rodríguez Álvarez;Adrián;40.000.353
149;Lozano Ortiz;Irene;36.796.769
150;Núñez Muñoz;Alba;32.651.113
151;Vázquez Romero;Marina;35.358.060
152;López Delgado;Carlos;38.826.861
153;Jiménez Muñoz;Marina;33.602.417
154;Sanz Romero;Gonzalo;22.418.290
155;Gómez Castro;Roberto;48.722.293
156;Navarro Rubio;Eva;49.322.878
157;Moreno Muñoz;Juan;32.354.690
158;Ramírez Ruiz;María;38.852.482
159;Santos Vázquez;Beatriz;26.959.746
160;García Lozano;Irene;44.847.493
161;Navarro Medina;Sofía;39.498.636
162;Morales Álvarez;Andrea;33.779.598
163;Gómez Ortiz;Pablo;43.842.448
164;Sanz Navarro;Carlos;17.222.547
165;Santos Serrano;Elena;10.319.764
166;Moreno Martin;Valeria;19.099.029
167;Cortes Marín;Roberto;42.664.855
168;Rubio Martin;Marcos;19.522.967
169;Hernández Guerrero;Sofía;13.831.577
170;González Blanco;Alba;42.862.496
171;Alonso Martin;Luis;16.932.260
172;Álvarez Martin;Hugo;38.261.670
173;López Molina;Marcos;38.362.022
174;Castro Iglesias;Rocío;46.151.596
175;Gutiérrez Suárez;Andrés;10.897.843
176;Delgado Martin;Valeria;17.507.256
177;Gil Prieto;Manuel;27.940.281
178;Jiménez Hernández;Beatriz;25.654.719
179;Santos Serrano;Inés;33.529.798
180;Morales Serrano;Irene;33.460.167
181;Ortiz Ramírez;José;10.643.402
182;Domínguez Martin;Miguel;22.928.846
183;Domínguez Ruiz;Luisa;48.495.567
184;López Torres;Elena;29.286.360
185;Gutiérrez Cano;Clara;35.036.633
186;Rodríguez Gutiérrez;Irene;14.359.002
187;Serrano Garrido;Valeria;37.978.076
188;Gil Santos;Juan;25.122.271
189;Prieto Moreno;Santiago;19.465.695
190;Alonso Santos;Beatriz;30.435.300
191;Álvarez Alonso;Alba;47.322.603
192;Morales Vázquez;Francisco;35.535.339
193;Garrido Sánchez;Adrián;49.239.535
194;Delgado Morales;Sara;36.942.320
195;Medina Santos;Jorge;26.746.357
196;Jiménez Gómez;Álvaro;17.592.822
197;Rodríguez González;Eva;20.406.262
198;García Iglesias;Ana;40.073.718
199;Álvarez Castillo;María;34.103.290
200;Ortega Blanco;Paula;22.636.028
